ID,NAME,ADDRESS,TIMESTAMP
715333,Addison,address 1,1399567317
814582,Ben Dover,address 2,
1025476,Randy BoBandy,address 3,
1403130,John Doe,address 4,
1498405,Jane Doe,address 5,
719047,Jill Doe,address 6,
940240,Judy Willis,address 7,
737253,Margaret Pierce,address 8,
1434612,Phillip Payne,address 9,
810060,Raymond Williams,address 10,
758381,Patrick Snyder,address 11,
1042470,Beverly Sanchez,address 12,
1271519,William Ramirez,address 13,
755900,Katherine Fuller,address 14,
1245663,Antonio Williams,address 15,
1079158,Jane Fuller,address 16,
860974,Jimmy Murphy,address 17,
1497041,Lois Cruz,address 18,
1001468,Lillian Stephens,address 19,
1345870,Donna Cunningham,address 20,
1422657,Patricia Martin,address 21,
1464738,Angela Reid,address 22,
945862,Louis Miller,address 23,
1391568,Ashley Gordon,address 24,
820840,Phillip Gilbert,address 25,
1150186,Angela Reyes,address 26,
765786,Beverly Porter,address 27,
768894,Ruth Walker,address 28,
