1021189,Addison Benzshawel,Athletics Plack 1
715333,Hugh Gass,Athletics Plack 2
814582,Ben Dover,Athletics Plack 3
1025476,Randy BoBandy,Athletics Plack 4
1403130,John Doe,Athletics Plack 5
1498405,Jane Doe,Athletics Plack 6
719047,Jill Doe,Athletics Plack 7
940240,Judy Willis,Athletics Plack 8
737253,Margaret Pierce,Athletics Plack 9
1434612,Phillip Payne,Athletics Plack 10
810060,Raymond Williams,Athletics Plack 11
758381,Patrick Snyder,Athletics Plack 12
1042470,Beverly Sanchez,Athletics Plack 13
1271519,William Ramirez,Athletics Plack 14
755900,Katherine Fuller,Athletics Plack 15
1245663,Antonio Williams,Athletics Plack 16
1079158,Jane Fuller,Athletics Plack 17
860974,Jimmy Murphy,Athletics Plack 18
1497041,Lois Cruz,Athletics Plack 19
1001468,Lillian Stephens,Athletics Plack 20
1345870,Donna Cunningham,Athletics Plack 21
1422657,Patricia Martin,Athletics Plack 22
1464738,Angela Reid,Athletics Plack 23
945862,Louis Miller,Athletics Plack 24
1391568,Ashley Gordon,Athletics Plack 25
820840,Phillip Gilbert,Athletics Plack 26
1150186,Angela Reyes,Athletics Plack 27
765786,Beverly Porter,Athletics Plack 28
768894,Ruth Walker,Athletics Plack 29
